product_url,product_name,product_img
https://www.phonedepot.co.il/product-page/aula-f101-%D7%90%D7%95%D7%96%D7%A0%D7%99%D7%95%D7%AA-%D7%92%D7%99%D7%99%D7%9E%D7%99%D7%A0%D7%92,AULA F101 אוזניות גיימינג,https://static.wixstatic.com/media/bbb777_5fd22dc20ea54e398971225dd87e28ea~mv2.jpg
https://www.phonedepot.co.il/product-page/aula-s12-%D7%A2%D7%9B%D7%91%D7%A8-%D7%92%D7%99%D7%99%D7%9E%D7%99%D7%A0%D7%92,AULA S12 עכבר גיימינג,https://static.wixstatic.com/media/bbb777_0b68fafcc3ee482492d01cacd5c38051~mv2.jpg
https://www.phonedepot.co.il/product-page/aula-f805-rgb-%D7%A2%D7%9B%D7%91%D7%A8-%D7%92%D7%99%D7%99%D7%9E%D7%99%D7%A0%D7%92,AULA F805 RGB עכבר גיימינג,https://static.wixstatic.com/media/bbb777_99658f44a3cc407cb972eb33820c260d~mv2.jpg
https://www.phonedepot.co.il/product-page/rgb-aula-f-x5-%D7%9E%D7%A9%D7%98%D7%97-%D7%A2%D7%A0%D7%A7-%D7%9C%D7%A2%D7%9B%D7%91%D7%A8,RGB AULA F-X5 משטח ענק לעכבר,https://static.wixstatic.com/media/bbb777_a055811168e846f0bbca99947ebd658e~mv2.jpg
https://www.phonedepot.co.il/product-page/hdtv-%D7%9B%D7%91%D7%9C-%D7%A2%D7%9D-%D7%97%D7%99%D7%91%D7%95%D7%A8-%D7%9C%D7%99%D7%99%D7%98%D7%A0%D7%99%D7%A0%D7%92,HDTV כבל עם חיבור לייטנינג,https://static.wixstatic.com/media/bbb777_2e7b97fbbc1e4bd08aa9b22f5a2e0af8~mv2.jpg
https://www.phonedepot.co.il/product-page/darkalien-k84-%D7%9E%D7%A7%D7%9C%D7%93%D7%AA-%D7%92%D7%99%D7%99%D7%9E%D7%99%D7%A0%D7%92-%D7%9E%D7%9B%D7%90%D7%A0%D7%99%D7%AA-%D7%90%D7%9C%D7%97%D7%95%D7%98%D7%99%D7%AA,DarkAlien K84 מקלדת גיימינג מכאנית אלחוטית,https://static.wixstatic.com/media/bbb777_a3e8c6de229e47ce837716827503b91a~mv2.jpg
https://www.phonedepot.co.il/product-page/%D7%90%D7%95%D7%96%D7%A0%D7%99%D7%95%D7%AA-%D7%9C%D7%99%D7%99%D7%98%D7%A0%D7%99%D7%A0%D7%92-%D7%9C%D7%90%D7%99%D7%99%D7%A4%D7%95%D7%9F-%D7%A6-%D7%99%D7%A4-%D7%9E%D7%A7%D7%95%D7%A8%D7%99,אוזניות לייטנינג לאייפון - צ‘יפ מקורי,https://static.wixstatic.com/media/bbb777_c6ac87dccfa84c01a46783b0861103b0~mv2.jpg
https://www.phonedepot.co.il/product-page/%D7%A1%D7%98-%D7%9C%D7%95%D7%97%D7%99%D7%95%D7%AA-%D7%9E%D7%AA%D7%9B%D7%AA,סט לוחיות מתכת,https://static.wixstatic.com/media/bbb777_6a90a5f830264641954fe3da19215cf3~mv2.jpg
https://www.phonedepot.co.il/product-page/moto-mount-%D7%AA%D7%95%D7%A9%D7%91%D7%AA-p-56,MOTO MOUNT תושבת P-56,https://static.wixstatic.com/media/bbb777_a266ccff3d4a41d4a3cb2e41652480ba~mv2.jpg
https://www.phonedepot.co.il/product-page/ph-70-%D7%AA%D7%95%D7%A9%D7%91%D7%AA-%D7%A4%D7%99%D7%99%D7%98%D7%95%D7%9F-%D7%90%D7%A8%D7%95%D7%9B%D7%94-%D7%91%D7%9E%D7%99%D7%95%D7%97%D7%93-%D7%93%D7%92%D7%9D,PH-70 תושבת פייטון ארוכה במיוחד דגם,https://static.wixstatic.com/media/bbb777_9ace03575f70462b9e0b5202a0d9d19e~mv2.jpg
https://www.phonedepot.co.il/product-page/%D7%9E%D7%A2%D7%9E%D7%93-%D7%9E%D7%92%D7%A0%D7%98%D7%99-%D7%9C%D7%A8%D7%9B%D7%91,מעמד מגנטי לרכב,https://static.wixstatic.com/media/bbb777_fb8d40e6276b4013843d0e31ee95def9~mv2.jpg
https://www.phonedepot.co.il/product-page/ph-68-%D7%AA%D7%95%D7%A9%D7%91%D7%AA-%D7%9E%D7%95%D7%9C%D7%98%D7%99%D7%9C%D7%95%D7%A7-%D7%A2%D7%9D-%D7%A0%D7%A2%D7%99%D7%9C%D7%94-%D7%9B%D7%A4%D7%95%D7%9C%D7%94-%D7%93%D7%92%D7%9D,PH-68 תושבת מולטילוק עם נעילה כפולה דגם,https://static.wixstatic.com/media/bbb777_a039b3b665d247cbab64bdffe88475e1~mv2.jpg
https://www.phonedepot.co.il/product-page/5000mah-%D7%A1%D7%95%D7%9C%D7%9C%D7%AA-%D7%92%D7%99%D7%91%D7%95%D7%99,5000mAH סוללת גיבוי,https://static.wixstatic.com/media/bbb777_4347cd4e28374b8d8576ef5be9911c20~mv2.jpg
https://www.phonedepot.co.il/product-page/10000mah-%D7%A1%D7%95%D7%9C%D7%9C%D7%AA-%D7%92%D7%99%D7%91%D7%95%D7%99,10000mAH סוללת גיבוי,https://static.wixstatic.com/media/bbb777_5e73131bae6f4b7b9aaf158fd21a865d~mv2.jpg
https://www.phonedepot.co.il/product-page/10000mah-pd-20w-%D7%A1%D7%95%D7%9C%D7%9C%D7%AA-%D7%92%D7%99%D7%91%D7%95%D7%99,10000mAH PD 20W סוללת גיבוי,https://static.wixstatic.com/media/bbb777_12879a5da9344ee7843f432f51b1b56d~mv2.jpg
https://www.phonedepot.co.il/product-page/%D7%A2%D7%A8%D7%9B%D7%AA-%D7%9E%D7%98%D7%A2%D7%9F-%D7%91%D7%99%D7%AA-%D7%9E%D7%90%D7%95%D7%A9%D7%A8-%D7%90%D7%A4%D7%9C-%D7%A2%D7%9D-%D7%9B%D7%91%D7%9C-%D7%98%D7%99%D7%99%D7%A4-%D7%A1%D7%99-%D7%9C%D7%9C%D7%99%D7%99%D7%98%D7%A0%D7%99%D7%A0%D7%92,ערכת מטען בית מאושר אפל עם כבל טייפ-סי ללייטנינג,https://static.wixstatic.com/media/bbb777_8fafd019536a4751b8a6200c8ec5b4a7~mv2.jpg
https://www.phonedepot.co.il/product-page/%D7%9B%D7%91%D7%9C-%D7%98%D7%99%D7%99%D7%A4-%D7%A1%D7%99-%D7%9C%D7%9C%D7%99%D7%99%D7%98%D7%A0%D7%99%D7%A0%D7%92-1-%D7%9E%D7%98%D7%A8,כבל טייפ-סי ללייטנינג 1 מטר,https://static.wixstatic.com/media/bbb777_f34f608859de424f898060bfb42659e8~mv2.jpg
https://www.phonedepot.co.il/product-page/%D7%9B%D7%91%D7%9C-%D7%98%D7%99%D7%99%D7%A4-%D7%A1%D7%99-%D7%9C%D7%9C%D7%99%D7%99%D7%98%D7%A0%D7%99%D7%A0%D7%92-2-%D7%9E%D7%98%D7%A8,כבל טייפ-סי ללייטנינג 2 מטר,https://static.wixstatic.com/media/bbb777_92f5eae2ca31432c97ee04369fa902e9~mv2.jpg
https://www.phonedepot.co.il/product-page/%D7%A2%D7%A8%D7%9B%D7%AA-%D7%9E%D7%98%D7%A2%D7%9F-%D7%A8%D7%9B%D7%91-%D7%9E%D7%90%D7%95%D7%A9%D7%A8-%D7%90%D7%A4%D7%9C-%D7%A2%D7%9D-%D7%9B%D7%91%D7%9C-%D7%98%D7%99%D7%99%D7%A4-%D7%A1%D7%99-%D7%9C%D7%9C%D7%99%D7%99%D7%98%D7%A0%D7%99%D7%A0%D7%92,ערכת מטען רכב מאושר אפל  עם כבל טייפ-סי ללייטנינג,https://static.wixstatic.com/media/bbb777_49a9fcab199a47898a73c95d34aa9eb2~mv2.jpg
https://www.phonedepot.co.il/product-page/%D7%9B%D7%91%D7%9C-%D7%9C%D7%99%D7%99%D7%98%D7%A0%D7%99%D7%A0%D7%92-1-25-%D7%9E%D7%98%D7%A8-%D7%9E%D7%90%D7%95%D7%A9%D7%A8-%D7%90%D7%A4%D7%9C,כבל לייטנינג 1.25 מטר מאושר אפל,https://static.wixstatic.com/media/bbb777_d7d8a242bea743e487e63540afe10658~mv2.jpg
https://www.phonedepot.co.il/product-page/pd-20w-%D7%9E%D7%98%D7%A2%D7%9F-%D7%91%D7%99%D7%AA-%D7%9E%D7%94%D7%99%D7%A8-%D7%A2%D7%9D-%D7%9B%D7%91%D7%9C-%D7%90%D7%99%D7%99%D7%A4%D7%95%D7%9F,PD 20W מטען בית מהיר עם כבל אייפון,https://static.wixstatic.com/media/bbb777_49d0d72911344e6a8aeca5f58ab412eb~mv2.jpg
https://www.phonedepot.co.il/product-page/pd-20w-%D7%9E%D7%98%D7%A2%D7%9F-%D7%91%D7%99%D7%AA-%D7%9E%D7%94%D7%99%D7%A8-%D7%A2%D7%9D-%D7%9B%D7%91%D7%9C-%D7%98%D7%99%D7%99%D7%A4-%D7%A1%D7%99-%D7%9C%D7%98%D7%99%D7%99%D7%A4-%D7%A1%D7%99,PD 20W מטען בית מהיר  עם כבל טייפ-סי לטייפ-סי,https://static.wixstatic.com/media/bbb777_8fae3738d3dc425e830f575ab13da911~mv2.jpg
https://www.phonedepot.co.il/product-page/pd-20w-%D7%A8%D7%90%D7%A9-%D7%9E%D7%98%D7%A2%D7%9F-%D7%91%D7%99%D7%AA-%D7%9E%D7%94%D7%99%D7%A8,PD 20W ראש מטען בית מהיר,https://static.wixstatic.com/media/bbb777_862cfa3bf9684d8fb2ca2a9185e34dcf~mv2.jpg
https://www.phonedepot.co.il/product-page/%D7%9E%D7%98%D7%A2%D7%9F-%D7%91%D7%99%D7%AA-%D7%97%D7%9B%D7%9D-%D7%A9%D7%AA%D7%99-%D7%99%D7%A6%D7%99%D7%90%D7%95%D7%AA-%D7%9B%D7%91%D7%9C,מטען בית חכם - שתי יציאות  + כבל,https://static.wixstatic.com/media/bbb777_f2e9660f167f45b8ac396a1cebb0caaf~mv2.jpg
https://www.phonedepot.co.il/product-page/%D7%9E%D7%98%D7%A2%D7%9F-%D7%91%D7%99%D7%AA-%D7%97%D7%9B%D7%9D-%D7%A9%D7%AA%D7%99-%D7%99%D7%A6%D7%99%D7%90%D7%95%D7%AA,מטען בית חכם - שתי יציאות,https://static.wixstatic.com/media/bbb777_8e622aa7e51a4c0f88846b3ea9715e58~mv2.jpg
https://www.phonedepot.co.il/product-page/%D7%9E%D7%98%D7%A2%D7%9F-%D7%91%D7%99%D7%AA-%D7%90%D7%95%D7%A0%D7%99%D7%91%D7%A8%D7%A1%D7%9C%D7%99-3-%D7%91-1,מטען בית אוניברסלי - 3 ב 1,https://static.wixstatic.com/media/bbb777_e4e8833f13cf4fe996279818c5186f58~mv2.jpg
https://www.phonedepot.co.il/product-page/%D7%A8%D7%A6%D7%95%D7%A2%D7%94-%D7%9E%D7%92%D7%A0%D7%98%D7%99%D7%AA-%D7%9C%D7%A9%D7%A2%D7%95%D7%A0%D7%99-%D7%A1%D7%9E%D7%A1%D7%95%D7%A0%D7%92-%D7%A6%D7%91%D7%A2-%D7%A8%D7%95%D7%96-%D7%92%D7%95%D7%9C%D7%93,רצועה מגנטית לשעוני סמסונג צבע רוז גולד,https://static.wixstatic.com/media/bbb777_147384bdfe8f46f3bdcf60c775a6a92a~mv2.jpg
https://www.phonedepot.co.il/product-page/%D7%A8%D7%A6%D7%95%D7%A2%D7%94-%D7%9E%D7%92%D7%A0%D7%98%D7%99%D7%AA-%D7%9C%D7%A9%D7%A2%D7%95%D7%A0%D7%99-%D7%A1%D7%9E%D7%A1%D7%95%D7%A0%D7%92-%D7%A6%D7%91%D7%A2-%D7%A9%D7%97%D7%95%D7%A8,רצועה מגנטית לשעוני סמסונג צבע שחור,https://static.wixstatic.com/media/bbb777_ed54ff087c1845b8b0a573ef4716f210~mv2.jpg
https://www.phonedepot.co.il/product-page/%D7%A8%D7%A6%D7%95%D7%A2%D7%94-%D7%9E%D7%92%D7%A0%D7%98%D7%99%D7%AA-%D7%9C%D7%A9%D7%A2%D7%95%D7%A0%D7%99-%D7%A1%D7%9E%D7%A1%D7%95%D7%A0%D7%92-%D7%A6%D7%91%D7%A2-%D7%9B%D7%A1%D7%95%D7%A3,רצועה מגנטית לשעוני סמסונג צבע כסוף,https://static.wixstatic.com/media/bbb777_ba5ec71e13bc4840ab2ea6aba432c86d~mv2.jpg
https://www.phonedepot.co.il/product-page/%D7%9B%D7%99%D7%A1%D7%95%D7%99-%D7%9E%D7%92%D7%9F-%D7%9C%D7%A9%D7%A2%D7%95%D7%A0%D7%99-%D7%90%D7%A4%D7%9C-%D7%A2%D7%9D-%D7%96%D7%9B%D7%95%D7%9B%D7%99%D7%AA-%D7%9E%D7%97%D7%95%D7%A1%D7%9E%D7%AA,כיסוי מגן לשעוני אפל עם זכוכית מחוסמת,https://static.wixstatic.com/media/bbb777_71aac338f32b4aa58a51c58cdb3ef9f5~mv2.jpg
https://www.phonedepot.co.il/product-page/%D7%A8%D7%A6%D7%95%D7%A2%D7%94-%D7%9C%D7%A9%D7%A2%D7%95%D7%9F-%D7%90%D7%A4%D7%9C-%D7%9E%D7%AA%D7%9B%D7%AA-%D7%9E%D7%92%D7%A0%D7%98-%D7%91%D7%A6%D7%91%D7%A2-%D7%A8%D7%95%D7%96-%D7%92%D7%95%D7%9C%D7%93,רצועה לשעון אפל מתכת - מגנט בצבע רוז גולד,https://static.wixstatic.com/media/bbb777_5be65efe424d4dc1b2759503525d7281~mv2.jpg
https://www.phonedepot.co.il/product-page/%D7%A8%D7%A6%D7%95%D7%A2%D7%94-%D7%9C%D7%A9%D7%A2%D7%95%D7%9F-%D7%90%D7%A4%D7%9C-%D7%9E%D7%AA%D7%9B%D7%AA-%D7%9E%D7%92%D7%A0%D7%98-%D7%91%D7%A6%D7%91%D7%A2-%D7%9B%D7%A1%D7%95%D7%A3,רצועה לשעון אפל מתכת - מגנט בצבע כסוף,https://static.wixstatic.com/media/bbb777_159774ad1dc64f06bdc7716d35e220b0~mv2.jpg
https://www.phonedepot.co.il/product-page/%D7%A8%D7%A6%D7%95%D7%A2%D7%94-%D7%9C%D7%A9%D7%A2%D7%95%D7%9F-%D7%90%D7%A4%D7%9C-%D7%9E%D7%AA%D7%9B%D7%AA-%D7%9E%D7%92%D7%A0%D7%98-%D7%91%D7%A6%D7%91%D7%A2-%D7%A9%D7%97%D7%95%D7%A8,רצועה לשעון אפל מתכת - מגנט בצבע שחור,https://static.wixstatic.com/media/bbb777_09347e4bc3744af897ffb41297f31982~mv2.jpg
https://www.phonedepot.co.il/product-page/%D7%9E%D7%A4%D7%A6%D7%9C-3-%D7%99%D7%A6%D7%99%D7%90%D7%95%D7%AA-%D7%9C%D7%A9%D7%A7%D7%A2-%D7%9E%D7%A6%D7%AA-2-%D7%99%D7%A6%D7%99%D7%90%D7%95%D7%AA,מפצל 3 יציאות לשקע מצת + 2 יציאות,https://static.wixstatic.com/media/bbb777_6f89630332ed4e6e8bdf4fb1877186c1~mv2.jpg
https://www.phonedepot.co.il/product-page/pd-25w-%D7%9E%D7%98%D7%A2%D7%9F-%D7%A8%D7%9B%D7%91-%D7%98%D7%A2%D7%99%D7%A0%D7%94-%D7%9E%D7%94%D7%99%D7%A8%D7%94-%D7%A2%D7%9D-%D7%9B%D7%91%D7%9C-%D7%98%D7%99%D7%99%D7%A4-%D7%A1%D7%99-%D7%9C%D7%98%D7%99%D7%99%D7%A4-%D7%A1%D7%99,PD 25W מטען רכב טעינה מהירה עם כבל טייפ-סי לטייפ-סי,https://static.wixstatic.com/media/bbb777_43c1c836546b42ea9ae7e0f315594afc~mv2.jpg
https://www.phonedepot.co.il/product-page/%D7%A1%D7%98-5-%D7%A8%D7%A6%D7%95%D7%A2%D7%95%D7%AA-%D7%A1%D7%99%D7%9C%D7%99%D7%A7%D7%95%D7%9F-%D7%9C%D7%A9%D7%A2%D7%95%D7%A0%D7%99-%D7%90%D7%A4%D7%9C,סט 5 רצועות סיליקון לשעוני אפל,https://static.wixstatic.com/media/bbb777_073f7224f39c4579931f2f8ada9e2dd2~mv2.jpg
https://www.phonedepot.co.il/product-page/pd-25w-%D7%9E%D7%98%D7%A2%D7%9F-%D7%A8%D7%9B%D7%91-%D7%98%D7%A2%D7%99%D7%A0%D7%94-%D7%9E%D7%94%D7%99%D7%A8%D7%94-%D7%91%D7%9E%D7%99%D7%95%D7%97%D7%93,PD 25W מטען רכב טעינה מהירה במיוחד,https://static.wixstatic.com/media/bbb777_752344ba2ab9482db8589dc2d693dada~mv2.jpg
https://www.phonedepot.co.il/product-page/pd38w-%D7%9E%D7%98%D7%A2%D7%9F-%D7%A8%D7%9B%D7%91-%D7%9E%D7%94%D7%99%D7%A8,PD38W מטען רכב מהיר,https://static.wixstatic.com/media/bbb777_b25a900afb7241ec959c455d1e01d580~mv2.jpg
https://www.phonedepot.co.il/product-page/pd38w-%D7%9E%D7%98%D7%A2%D7%9F-%D7%A8%D7%9B%D7%91-%D7%9E%D7%94%D7%99%D7%A8-%D7%A2%D7%9D-%D7%9B%D7%91%D7%9C-%D7%98%D7%99%D7%99%D7%A4-%D7%A1%D7%99-%D7%9C%D7%90%D7%99%D7%99%D7%A4%D7%95%D7%9F,PD38W  מטען רכב מהיר עם כבל טייפ-סי לאייפון,https://static.wixstatic.com/media/bbb777_89c0caddc44c463fb60cbe40f7182ed8~mv2.jpg
https://www.phonedepot.co.il/product-page/%D7%9E%D7%98%D7%A2%D7%9F-%D7%A4%D7%A8%D7%99%D7%9E%D7%99%D7%95%D7%9D-%D7%9C%D7%A8%D7%9B%D7%91-2-1-%D7%90%D7%9E%D7%A4%D7%A8,מטען פרימיום לרכב 2.1 אמפר,https://static.wixstatic.com/media/bbb777_e88522371f9d4e4e94fe5bda6c83d490~mv2.jpg
https://www.phonedepot.co.il/product-page/%D7%9E%D7%98%D7%A2%D7%9F-%D7%A4%D7%A8%D7%99%D7%9E%D7%99%D7%95%D7%9D-%D7%9C%D7%A8%D7%9B%D7%91-2-1-%D7%90%D7%9E%D7%A4%D7%A8-%D7%9B%D7%91%D7%9C-1-%D7%9E%D7%98%D7%A8,מטען פרימיום לרכב 2.1 אמפר+ כבל 1 מטר,https://static.wixstatic.com/media/bbb777_3b1249c5afd9434c9179b29e21444295~mv2.jpg
https://www.phonedepot.co.il/product-page/%D7%9E%D7%98%D7%A2%D7%9F-%D7%90%D7%9C%D7%97%D7%95%D7%98%D7%99-%D7%9C%D7%A9%D7%A2%D7%95%D7%A0%D7%99-%D7%90%D7%A4%D7%9C,מטען אלחוטי לשעוני אפל,https://static.wixstatic.com/media/bbb777_a88b2abba3454c5fa1c1105259db28a2~mv2.jpg
https://www.phonedepot.co.il/product-page/%D7%9E%D7%98%D7%A2%D7%9F-%D7%90%D7%9C%D7%97%D7%95%D7%98%D7%99-%D7%9C%D7%A9%D7%A2%D7%95%D7%A0%D7%99-%D7%A1%D7%9E%D7%A1%D7%95%D7%A0%D7%92,מטען אלחוטי לשעוני סמסונג,https://static.wixstatic.com/media/bbb777_f837ebd9bdea4dfcb653529196c53ee7~mv2.jpg
https://www.phonedepot.co.il/product-page/%D7%9E%D7%A9%D7%93%D7%A8-%D7%9E%D7%A9%D7%95%D7%9C%D7%91-%D7%9E%D7%98%D7%A2%D7%9F-%D7%A8%D7%9B%D7%91,משדר משולב מטען רכב,https://static.wixstatic.com/media/bbb777_f9b79a2bf3e946f0935a0d01992785fe~mv2.jpg
https://www.phonedepot.co.il/product-page/%D7%9E%D7%98%D7%A2%D7%9F-%D7%90%D7%9C%D7%97%D7%95%D7%98%D7%99-3-%D7%91-1,מטען אלחוטי 3 ב-1,https://static.wixstatic.com/media/bbb777_2bad79b7160d4eaba48c18072253db3c~mv2.jpg
https://www.phonedepot.co.il/product-page/20000mah-pd-20w-%D7%A1%D7%95%D7%9C%D7%9C%D7%AA-%D7%92%D7%99%D7%91%D7%95%D7%99,20000mAH PD 20W סוללת גיבוי,https://static.wixstatic.com/media/bbb777_5e7b2afb616d4b459c6d62201e461c60~mv2.jpg
https://www.phonedepot.co.il/product-page/5in1-c-08-%D7%9E%D7%AA%D7%90%D7%9D-%D7%98%D7%99%D7%99%D7%A4-%D7%A1%D7%99-%D7%9C%D7%9E%D7%97%D7%A9%D7%91,5IN1 C-08 מתאם טייפ-סי למחשב,https://static.wixstatic.com/media/bbb777_5f550660684c4b7bb6e62b7e9e723af4~mv2.jpg
https://www.phonedepot.co.il/product-page/c-06-hdmi-2xusb-usb-c-%D7%9E%D7%AA%D7%90%D7%9D-%D7%98%D7%99%D7%99%D7%A4-%D7%A1%D7%99-%D7%9C%D7%9E%D7%97%D7%A9%D7%91,C-06 - HDMI+2xUSB+USB-C מתאם טייפ-סי למחשב,https://static.wixstatic.com/media/bbb777_3748a32d263c40e88d46d85034f8a063~mv2.jpg
https://www.phonedepot.co.il/product-page/c-04-4x-usb-%D7%9E%D7%AA%D7%90%D7%9D-%D7%98%D7%99%D7%99%D7%A4-%D7%A1%D7%99-%D7%9C%D7%9E%D7%97%D7%A9%D7%91,C-04 - 4x USB מתאם טייפ-סי למחשב,https://static.wixstatic.com/media/bbb777_afcc6761c5f647f2ba2299ce13cf569f~mv2.jpg
https://www.phonedepot.co.il/product-page/lan-vga-hdmi-sd-4usb-usbc-aux-11in1-c-10-%D7%AA%D7%97%D7%A0%D7%AA-%D7%A2%D7%92%D7%99%D7%A0%D7%94,LAN+VGA+HDMI+SD+4USB+USBC+AUX 11in1 C-10 תחנת עגינה,https://static.wixstatic.com/media/bbb777_218cab7a33894d689a306ca550103ab9~mv2.jpg
https://www.phonedepot.co.il/product-page/hdmi-c-02-%D7%9E%D7%AA%D7%90%D7%9D-%D7%98%D7%99%D7%99%D7%A4-%D7%A1%D7%99-%D7%9C%D7%9E%D7%97%D7%A9%D7%91,(HDMI) C-02 מתאם טייפ-סי למחשב,https://static.wixstatic.com/media/bbb777_981fcd7f5b8a4312819c92a1087fc1d6~mv2.jpg
https://www.phonedepot.co.il/product-page/%D7%9E%D7%AA%D7%90%D7%9D-%D7%97%D7%A9%D7%9E%D7%9C%D7%99-%D7%90%D7%95%D7%A0%D7%99%D7%91%D7%A8%D7%A1%D7%9C%D7%99,מתאם חשמלי אוניברסלי,https://static.wixstatic.com/media/bbb777_c1427b8c5d394289bde9e6f36985711c~mv2.jpg
https://www.phonedepot.co.il/product-page/%D7%9E%D7%AA%D7%90%D7%9D-%D7%90%D7%95%D7%A7%D7%A1-%D7%9C%D7%98%D7%99%D7%99%D7%A4-%D7%A1%D7%99-%D7%A6-%D7%99%D7%A4-%D7%93%D7%99%D7%92%D7%99%D7%98%D7%9C%D7%99-%D7%AA%D7%95%D7%9E%D7%9A-%D7%A1%D7%9E%D7%A1%D7%95%D7%A0%D7%92,מתאם אוקס לטייפ-סי - צ‘יפ דיגיטלי - תומך סמסונג,https://static.wixstatic.com/media/bbb777_a81a5ad6306f41fe803f9721e1566b21~mv2.jpg
https://www.phonedepot.co.il/product-page/%D7%9E%D7%A4%D7%A6%D7%9C-%D7%98%D7%99%D7%99%D7%A4-%D7%A1%D7%99-%D7%9C%D7%90%D7%95%D7%A7%D7%A1-%D7%98%D7%A2%D7%99%D7%A0%D7%94-%D7%A2%D7%9D-%D7%A6-%D7%99%D7%A4-%D7%93%D7%99%D7%92%D7%99%D7%98%D7%9C%D7%99,מפצל טייפ-סי לאוקס + טעינה עם צ‘יפ דיגיטלי,https://static.wixstatic.com/media/bbb777_1c86499cd6b144519160d9f328f3d7ed~mv2.jpg
https://www.phonedepot.co.il/product-page/%D7%9E%D7%AA%D7%90%D7%9D-%D7%9C%D7%99%D7%99%D7%98%D7%A0%D7%99%D7%A0%D7%92-%D7%9C%D7%90%D7%95%D7%A7%D7%A1,מתאם לייטנינג לאוקס,https://static.wixstatic.com/media/bbb777_eac3380a226b442d905de4514e807782~mv2.jpg
https://www.phonedepot.co.il/product-page/%D7%9E%D7%AA%D7%90%D7%9D-%D7%90%D7%95%D7%A7%D7%A1-%D7%96%D7%9B%D7%A8-%D7%9C%D7%90%D7%99%D7%99%D7%A4%D7%95%D7%9F,מתאם אוקס זכר לאייפון,https://static.wixstatic.com/media/bbb777_e9217c60a04540ac8302b0ebfecfe1b8~mv2.jpg
https://www.phonedepot.co.il/product-page/%D7%9E%D7%AA%D7%90%D7%9D-%D7%90%D7%95%D7%96%D7%A0%D7%99%D7%95%D7%AA-%D7%9C%D7%90%D7%95%D7%A7%D7%A1-%D7%98%D7%A2%D7%99%D7%A0%D7%94-%D7%9C%D7%90%D7%99%D7%99%D7%A4%D7%95%D7%9F,מתאם אוזניות לאוקס + טעינה לאייפון,https://static.wixstatic.com/media/bbb777_cec086da73ab4e068162ee1dd2a36eda~mv2.jpg
https://www.phonedepot.co.il/product-page/%D7%9E%D7%AA%D7%90%D7%9D-%D7%91%D7%9C%D7%95%D7%98%D7%95%D7%A1-%D7%9C%D7%90%D7%95%D7%A7%D7%A1,מתאם בלוטוס לאוקס,https://static.wixstatic.com/media/bbb777_554a6d797cee495cb47416707477a906~mv2.jpg
https://www.phonedepot.co.il/product-page/%D7%9B%D7%91%D7%9C-%D7%90%D7%95%D7%93%D7%99%D7%95-%D7%9C%D7%9E%D7%95%D7%A1%D7%99%D7%A7%D7%94-2-%D7%9E%D7%98%D7%A8,כבל אודיו למוסיקה - 2 מטר,https://static.wixstatic.com/media/bbb777_2abeace8b2dc4b49b32e80d06c668892~mv2.jpg
https://www.phonedepot.co.il/product-page/%D7%9B%D7%91%D7%9C-%D7%90%D7%95%D7%93%D7%99%D7%95-%D7%9C%D7%9E%D7%95%D7%A1%D7%99%D7%A7%D7%94-1-2-%D7%9E%D7%98%D7%A8,כבל אודיו למוסיקה - 1.2 מטר,https://static.wixstatic.com/media/bbb777_7cd7fe412a19425ba3fbd5e04bed65a2~mv2.jpg
https://www.phonedepot.co.il/product-page/%D7%9B%D7%91%D7%9C-%D7%A1%D7%A0%D7%9B%D7%A8%D7%95%D7%9F-%D7%95%D7%98%D7%A2%D7%99%D7%A0%D7%94,כבל סנכרון וטעינה,https://static.wixstatic.com/media/bbb777_4add8a041a154c3eba02906feb60cc86~mv2.jpg
https://www.phonedepot.co.il/product-page/%D7%9B%D7%91%D7%9C-1-2-%D7%9E-%D7%98%D7%99%D7%99%D7%A4-%D7%A1%D7%99-%D7%9C%D7%98%D7%99%D7%99%D7%A4-%D7%A1%D7%99,כבל 1.2 מ‘ טייפ-סי לטייפ-סי,https://static.wixstatic.com/media/bbb777_b736d9b5f55b4feeb755fa4bed0d4512~mv2.jpg
https://www.phonedepot.co.il/product-page/%D7%9B%D7%91%D7%9C-2-%D7%9E-%D7%98%D7%99%D7%99%D7%A4-%D7%A1%D7%99-%D7%9C%D7%98%D7%99%D7%99%D7%A4-%D7%A1%D7%99,כבל 2 מ‘ טייפ-סי לטייפ-סי,https://static.wixstatic.com/media/bbb777_79c6b63512484ff28520bd072751f158~mv2.jpg
https://www.phonedepot.co.il/product-page/%D7%9B%D7%91%D7%9C-2-%D7%9E-%D7%98%D7%99%D7%99%D7%A4-%D7%A1%D7%99-%D7%9C%D7%9C%D7%99%D7%99%D7%98%D7%A0%D7%99%D7%A0%D7%92,כבל 2 מ‘ טייפ-סי ללייטנינג,https://static.wixstatic.com/media/bbb777_23991d68bca24a29a8b1803993eb190c~mv2.jpg
https://www.phonedepot.co.il/product-page/%D7%9B%D7%91%D7%9C-1-2-%D7%9E-%D7%98%D7%99%D7%99%D7%A4-%D7%A1%D7%99-%D7%9C%D7%9C%D7%99%D7%99%D7%98%D7%A0%D7%99%D7%A0%D7%92,כבל 1.2 מ‘ טייפ-סי ללייטנינג,https://static.wixstatic.com/media/bbb777_3325da3a4f434f05a4c2048885b9a20e~mv2.jpg
https://www.phonedepot.co.il/product-page/18w-%D7%9B%D7%91%D7%9C-1-2-%D7%9E-%D7%A4%D7%A8%D7%99%D7%9E%D7%99%D7%95%D7%9D-3-%D7%91-1-%D7%98%D7%A2%D7%99%D7%A0%D7%94-%D7%9E%D7%94%D7%99%D7%A8%D7%94,18W כבל 1.2 מ‘ פרימיום 3 ב 1- טעינה מהירה,https://static.wixstatic.com/media/bbb777_2366a84bf63b4f9e99120db2e873cba5~mv2.jpg
https://www.phonedepot.co.il/product-page/18w-%D7%9B%D7%91%D7%9C-2-%D7%9E-%D7%A4%D7%A8%D7%99%D7%9E%D7%99%D7%95%D7%9D-%D7%98%D7%A2%D7%99%D7%A0%D7%94-%D7%9E%D7%94%D7%99%D7%A8%D7%94,18W כבל 2 מ‘ פרימיום טעינה מהירה,https://static.wixstatic.com/media/bbb777_5cdd6f35188d4ea7ae8a528982db13de~mv2.jpg
https://www.phonedepot.co.il/product-page/18w-%D7%9B%D7%91%D7%9C-3-%D7%9E-%D7%A4%D7%A8%D7%99%D7%9E%D7%99%D7%95%D7%9D-%D7%98%D7%A2%D7%99%D7%A0%D7%94-%D7%9E%D7%94%D7%99%D7%A8%D7%94,18W כבל 3 מ‘ פרימיום טעינה מהירה,https://static.wixstatic.com/media/bbb777_5cdd6f35188d4ea7ae8a528982db13de~mv2.jpg
https://www.phonedepot.co.il/product-page/p-94-%D7%93%D7%92%D7%9D-magnetic-dash-%D7%AA%D7%95%D7%A9%D7%91%D7%AA,P-94 דגם MAGNETIC DASH תושבת,https://static.wixstatic.com/media/bbb777_b7c4a01e87a947e69c5c136df927eb40~mv2.jpg
https://www.phonedepot.co.il/product-page/p-16-%D7%93%D7%92%D7%9D-magnetic-diamond-%D7%AA%D7%95%D7%A9%D7%91%D7%AA,P-16 דגם MAGNETIC DIAMOND תושבת,https://static.wixstatic.com/media/bbb777_a7f4bd02a22a40cb9b63543d81a5586e~mv2.jpg
https://www.phonedepot.co.il/product-page/p-92-%D7%AA%D7%95%D7%A9%D7%91%D7%AA-%D7%95%D7%A0%D7%98%D7%94-%D7%A7%D7%95%D7%A0%D7%98%D7%A8%D7%94-%D7%93%D7%92%D7%9D,P-92 תושבת ונטה קונטרה דגם,https://static.wixstatic.com/media/bbb777_9c013b3552c54f569d462f6a145da0bd~mv2.jpg
https://www.phonedepot.co.il/product-page/p-88-%D7%AA%D7%95%D7%A9%D7%91%D7%AA-%D7%9C%D7%A8%D7%9B%D7%91-%D7%94%D7%95%D7%9C%D7%93%D7%A8-%D7%93%D7%92%D7%9D,P-88 תושבת לרכב הולדר דגם,https://static.wixstatic.com/media/bbb777_7ecd1ccdb3f845d8900c62b524e2d4b5~mv2.jpg
https://www.phonedepot.co.il/product-page/p-90-magnetic-point-%D7%AA%D7%95%D7%A9%D7%91%D7%AA-%D7%9C%D7%A8%D7%9B%D7%91,P-90 MAGNETIC POINT תושבת לרכב,https://static.wixstatic.com/media/bbb777_d653876be40d48feb121f588b7735e8d~mv2.jpg
https://www.phonedepot.co.il/product-page/%D7%AA%D7%95%D7%A9%D7%91%D7%AA-%D7%9E%D7%92%D7%A0%D7%98%D7%99%D7%A7-%D7%95%D7%A0%D7%98%D7%94-%D7%94%D7%91%D7%A8%D7%92%D7%94,תושבת מגנטיק ונטה הברגה,https://static.wixstatic.com/media/bbb777_f55696b37dc7418687a83c1095406cfe~mv2.jpg
https://www.phonedepot.co.il/product-page/ph-62-%D7%AA%D7%95%D7%A9%D7%91%D7%AA-%D7%A1%D7%98%D7%99%D7%A7%D7%99-%D7%9E%D7%92%D7%A0%D7%98,PH-62 תושבת סטיקי מגנט,https://static.wixstatic.com/media/bbb777_54d3e05aac654ba6af3ac3e1e9f089ee~mv2.jpg
https://www.phonedepot.co.il/product-page/%D7%AA%D7%95%D7%A9%D7%91%D7%AA-%D7%9C%D7%A8%D7%9B%D7%91-360-%D7%9E%D7%A2%D7%9C%D7%95%D7%AA,תושבת לרכב 360 מעלות,https://static.wixstatic.com/media/bbb777_196a4627ac4f423d8ecd2b0658c7df1c~mv2.jpg
https://www.phonedepot.co.il/product-page/p-24-%D7%A1%D7%98-5-%D7%99%D7%97-%D7%AA%D7%95%D7%A9%D7%91%D7%AA-%D7%9E%D7%92%D7%A0%D7%98%D7%99%D7%A7-%D7%A1%D7%98%D7%A8%D7%99%D7%A4-%D7%93%D7%92%D7%9D,P-24 סט 5 יח תושבת מגנטיק סטריפ דגם,https://static.wixstatic.com/media/bbb777_b76ed6e79f5845cba1ce03807572bfa5~mv2.jpg
https://www.phonedepot.co.il/product-page/venta-holder-ph-58-%D7%AA%D7%95%D7%A9%D7%91%D7%AA-%D7%9C%D7%A8%D7%9B%D7%91,VENTA HOLDER PH-58 תושבת לרכב,https://static.wixstatic.com/media/bbb777_6cf3e475ca294f51bedef2ca3087e363~mv2.jpg
https://www.phonedepot.co.il/product-page/%D7%9E%D7%A6%D7%9C%D7%9E%D7%AA-%D7%A8%D7%9B%D7%91-3-%D7%91-1,מצלמת רכב 3 ב-1,https://static.wixstatic.com/media/bbb777_cd147b1865e04869af7380b6bd606373~mv2.jpg
https://www.phonedepot.co.il/product-page/dash-lock-ph-72-%D7%AA%D7%95%D7%A9%D7%91%D7%AA-%D7%9C%D7%A8%D7%9B%D7%91,DASH LOCK PH-72 תושבת לרכב,https://static.wixstatic.com/media/bbb777_597d42d2d6aa44289e0e976599240982~mv2.jpg
https://www.phonedepot.co.il/product-page/%D7%91%D7%95%D7%A1%D7%98%D7%A8-%D7%94%D7%A0%D7%A2%D7%94-%D7%9C%D7%A8%D7%9B%D7%91-20-000-%D7%9E%D7%99%D7%9C%D7%99%D7%90%D7%9E%D7%A4%D7%A8,"בוסטר הנעה לרכב 20,000 מיליאמפר",https://static.wixstatic.com/media/bbb777_6ac1398bc78a43059947d7f5eb22223f~mv2.jpg
https://www.phonedepot.co.il/product-page/%D7%93%D7%99%D7%91%D7%95%D7%A8%D7%99%D7%AA-%D7%91%D7%9C%D7%95%D7%98%D7%95%D7%A1-%D7%9C%D7%A8%D7%9B%D7%91,דיבורית בלוטוס לרכב,https://static.wixstatic.com/media/bbb777_d554dd08d2ef47b1a738bf3c2fd66024~mv2.jpg
https://www.phonedepot.co.il/product-page/%D7%91%D7%95%D7%A1%D7%98%D7%A8-%D7%94%D7%A0%D7%A2%D7%94-%D7%9C%D7%A8%D7%9B%D7%91-%D7%A2%D7%9D-%D7%A7%D7%95%D7%9E%D7%A4%D7%A8%D7%A1%D7%95%D7%A8-%D7%A0%D7%99%D7%99%D7%93-20-000-%D7%9E%D7%99%D7%9C%D7%99%D7%90%D7%9E%D7%A4%D7%A8,"בוסטר הנעה לרכב עם קומפרסור נייד 20,000 מיליאמפר",https://static.wixstatic.com/media/bbb777_6b64adf20491435faaf86d35ce027b15~mv2.jpg
https://www.phonedepot.co.il/product-page/%D7%A1%D7%98-%D7%9E%D7%A7%D7%9C%D7%93%D7%AA-%D7%95%D7%A2%D7%9B%D7%91%D7%A8-%D7%90%D7%9C%D7%97%D7%95%D7%98%D7%99%D7%99%D7%9D-%D7%A0%D7%95%D7%A8%D7%93%D7%99%D7%A7,סט מקלדת ועכבר אלחוטיים נורדיק,https://static.wixstatic.com/media/bbb777_8d58b13ab29f4ea99d2f365cadf408f8~mv2.jpg
https://www.phonedepot.co.il/product-page/bt-44-%D7%A2%D7%9B%D7%91%D7%A8-%D7%91%D7%9C%D7%95%D7%98%D7%95%D7%A1-%D7%90%D7%A8%D7%92%D7%95%D7%A0%D7%95%D7%9E%D7%99-%D7%93%D7%92%D7%9D,BT-44 עכבר בלוטוס ארגונומי דגם,https://static.wixstatic.com/media/bbb777_df96fd3938394c729448fa4e01352ecb~mv2.jpg
https://www.phonedepot.co.il/product-page/2-4ghz-%D7%A2%D7%9B%D7%91%D7%A8-%D7%90%D7%9C%D7%97%D7%95%D7%98%D7%99,2.4GHZ עכבר אלחוטי,https://static.wixstatic.com/media/bbb777_51369610c002495f9f804b2c3ea0d30e~mv2.jpg
https://www.phonedepot.co.il/product-page/party-100-%D7%A2%D7%9D-%D7%9E%D7%99%D7%A7%D7%A8%D7%95%D7%A4%D7%95%D7%9F-%D7%90%D7%9C%D7%97%D7%95%D7%98%D7%99-hopestar-%D7%A8%D7%9E%D7%A7%D7%95%D7%9C-%D7%91%D7%99%D7%93%D7%95%D7%A8%D7%99%D7%AA,Party 100 עם מיקרופון אלחוטי HOPESTAR רמקול בידורית,https://static.wixstatic.com/media/bbb777_712909e5caf24305885187010f68fd7d~mv2.jpg
https://www.phonedepot.co.il/product-page/%D7%9E%D7%A6%D7%9C%D7%9E%D7%AA-%D7%A8%D7%9B%D7%91-1080-%D7%A2%D7%9D-%D7%9E%D7%A1%D7%9A-%D7%9E%D7%92%D7%A2,מצלמת רכב 1080 עם מסך מגע,https://static.wixstatic.com/media/bbb777_6ec1c88682914920bca2bd6495b19cf0~mv2.jpg
https://www.phonedepot.co.il/product-page/party-one-%D7%A2%D7%9D-2-%D7%9E%D7%99%D7%A7%D7%A8%D7%95%D7%A4%D7%95%D7%A0%D7%99%D7%9D-%D7%90%D7%9C%D7%97%D7%95%D7%98%D7%99%D7%99%D7%9D-hopesta-%D7%A8%D7%9E%D7%A7%D7%95%D7%9C-%D7%91%D7%99%D7%93%D7%95%D7%A8%D7%99%D7%AA,Party One עם 2 מיקרופונים אלחוטיים HOPESTA רמקול בידורית,https://static.wixstatic.com/media/bbb777_7ab4f16cfcd2447185b4651af68cf6ce~mv2.jpg
https://www.phonedepot.co.il/product-page/%D7%90%D7%95%D7%96%D7%A0%D7%99%D7%95%D7%AA-%D7%9C%D7%99%D7%99%D7%98%D7%A0%D7%99%D7%A0%D7%92-%D7%A2%D7%9D-%D7%97%D7%99%D7%91%D7%95%D7%A8-%D7%91%D7%9C%D7%95%D7%98%D7%95%D7%A1,אוזניות לייטנינג עם חיבור בלוטוס,https://static.wixstatic.com/media/bbb777_c6ac87dccfa84c01a46783b0861103b0~mv2.jpg
https://www.phonedepot.co.il/product-page/%D7%90%D7%95%D7%96%D7%A0%D7%99%D7%95%D7%AA-%D7%A4%D7%A8%D7%99%D7%9E%D7%99%D7%95%D7%9D-%D7%9B%D7%A4%D7%AA%D7%95%D7%A8,אוזניות פרימיום כפתור,https://static.wixstatic.com/media/bbb777_656318343de940a09312d9eb0d169626~mv2.jpg
https://www.phonedepot.co.il/product-page/%D7%90%D7%95%D7%96%D7%A0%D7%99%D7%95%D7%AA-%D7%98%D7%99%D7%99%D7%A4-%D7%A1%D7%99-%D7%A2%D7%9D-%D7%A6-%D7%99%D7%A4-%D7%93%D7%99%D7%92%D7%99%D7%98%D7%9C%D7%99,אוזניות טייפ-סי עם צ‘יפ דיגיטלי,https://static.wixstatic.com/media/bbb777_ac80036e37124f26942f029283200480~mv2.jpg
https://www.phonedepot.co.il/product-page/%D7%90%D7%95%D7%96%D7%A0%D7%99%D7%95%D7%AA-%D7%A4%D7%A8%D7%99%D7%9E%D7%99%D7%95%D7%9D-%D7%A1%D7%99%D7%9C%D7%99%D7%A7%D7%95%D7%9F,אוזניות פרימיום סיליקון,https://static.wixstatic.com/media/bbb777_90817b168d9843cca5162123935a35da~mv2.jpg
https://www.phonedepot.co.il/product-page/clip-on-k52-%D7%90%D7%95%D7%96%D7%A0%D7%99%D7%99%D7%AA-%D7%91%D7%9C%D7%95%D7%98%D7%95%D7%A1-%D7%A0%D7%A9%D7%9C%D7%A4%D7%AA,CLIP-ON K52 אוזניית בלוטוס נשלפת,https://static.wixstatic.com/media/bbb777_d08982de2b3946589eeb962daa0d45b3~mv2.jpg
https://www.phonedepot.co.il/product-page/airbits-2-nordic-tws-%D7%90%D7%95%D7%96%D7%A0%D7%99%D7%95%D7%AA,AirBits 2 Nordic - TWS אוזניות,https://static.wixstatic.com/media/bbb777_89badb03685140eca92a72909e0132e9~mv2.jpg
https://www.phonedepot.co.il/product-page/tws-airbits-2-pro-%D7%90%D7%95%D7%96%D7%A0%D7%99%D7%95%D7%AA,TWS Airbits 2 Pro אוזניות,https://static.wixstatic.com/media/bbb777_72528e92b86942d39df84288fc6985ce~mv2.jpg
https://www.phonedepot.co.il/product-page/tws-blitz-%D7%90%D7%95%D7%96%D7%A0%D7%99%D7%95%D7%AA,TWS Blitz אוזניות,https://static.wixstatic.com/media/bbb777_6d8a6cd8f12b4a0ebace0ce08f405cad~mv2.jpg
